Bib,Name,Country,Gender,Division,Division Rank,Overall Time,Overall Rank,Swim Time,Swim Rank,Bike Time,Bike Rank,Run Time,Run Rank,Finish Status
284,Sergei Khazov,Kazakhstan,Male,M40-44,1,8:43:25,1,56:20:00,3,4:32:10,3,3:09:03,3,Finisher
6,Sanghwan Oh,Korea,Male,M50-54,1,8:52:37,2,1:15:00,54,4:20:06,2,3:11:19,4,Finisher
11,Brenteson John,United States,Male,M30-34,1,9:06:06,3,1:00:20,6,4:43:08,6,3:17:23,6,Finisher
42,Evgeniy Perevalov,Unknown,Male,M35-39,1,9:22:41,4,1:05:53,14,4:53:01,12,3:18:08,7,Finisher
102,Zijie Chen,China,Male,M25-29,1,9:23:18,5,1:08:20,23,4:42:58,5,3:26:00,11,Finisher
17,Hyungeun Kang,Korea,Male,M35-39,2,9:25:22,6,1:05:14,11,4:47:01,7,3:25:50,10,Finisher
126,Diana Trubkovich,Uzbekistan,Female,F25-29,1,9:30:46,7,56:23:00,4,5:08:37,30,3:19:59,8,Finisher
41,Tsuyoshi Ohno,Japan,Male,M35-39,3,9:35:24,8,1:07:15,22,4:51:37,10,3:28:48,13,Finisher
4,Yong Jin Kim,Korea,Male,M40-44,2,9:41:04,9,1:18:05,90,4:41:30,4,3:33:06,17,Finisher
334,박 진홍,Korea,Male,M40-44,3,9:46:57,10,1:10:16,25,4:47:52,8,3:34:44,19,Finisher
43,Xinwei Qian,China,Male,M35-39,4,9:49:42,11,1:16:08,62,5:10:11,33,3:16:13,5,Finisher
22,Hyeonsu Lee,Korea,Male,M40-44,4,9:50:11,12,1:10:26,26,5:06:43,26,3:29:21,14,Finisher
200,Dong Kyu Kim,Korea,Male,M35-39,5,9:53:54,13,1:15:40,57,4:53:58,13,3:37:52,28,Finisher
229,鹏飞 王,China,Male,M35-39,6,10:03:25,14,1:21:19,130,5:03:55,21,3:31:15,15,Finisher
3,Ling Er Choo,Singapore,Female,F35-39,1,10:05:44,15,1:10:50,30,5:12:33,39,3:36:12,25,Finisher
212,Seung Hwan Lee,Korea,Male,M35-39,7,10:08:26,16,1:10:11,24,5:14:20,49,3:35:55,23,Finisher
55,Kwangwon Kim,Korea,Male,M45-49,1,10:12:39,17,1:06:51,19,4:52:45,11,4:04:33,81,Finisher
245,창연 이,Korea,Male,M35-39,8,10:13:33,18,53:15:00,1,5:12:26,37,3:56:03,57,Finisher
61,Hyungwon Moon,Korea,Male,M50-54,2,10:17:20,19,1:21:01,125,5:26:50,77,3:22:14,9,Finisher
405,Yong Hyo Lee,Korea,Male,M45-49,2,10:25:32,20,1:14:10,47,5:17:47,55,3:45:15,36,Finisher
300,Dongdong Liu,China,Male,M40-44,5,10:25:52,21,1:05:07,10,4:56:45,15,4:12:38,109,Finisher
19,Hyunjin Kim,Korea,Male,M35-39,9,10:27:58,22,1:17:02,72,5:09:01,31,3:53:07,47,Finisher
371,Youngjin Choi,Korea,Male,M45-49,3,10:29:39,23,1:15:05,55,5:06:03,24,4:03:02,78,Finisher
38,Andrei O Sajulga,Philippines,Male,M25-29,2,10:30:07,24,1:06:11,17,5:04:34,23,4:11:54,104,Finisher
193,Stupachuk Dmitrii,Unknown,Male,M35-39,10,10:30:22,25,1:13:30,39,5:03:17,20,4:06:56,92,Finisher
24,Jungwoo Suh,Korea,Male,M40-44,6,10:32:22,26,1:14:01,46,5:29:12,82,3:42:11,32,Finisher
202,Hyeontae Kim,Korea,Male,M35-39,11,10:34:58,27,1:11:43,36,4:54:26,14,4:19:50,127,Finisher
327,Jingjun Zhou,China,Male,M40-44,7,10:35:07,28,1:14:53,50,5:28:01,81,3:37:52,29,Finisher
187,Christoph Billen,Germany,Male,M35-39,12,10:37:18,29,1:13:46,42,5:00:17,17,4:14:08,112,Finisher
34,Ojin Kim,Korea,Male,M55-59,1,10:37:50,30,1:21:12,128,5:22:40,63,3:44:45,35,Finisher
80,Godwin Jacob Taylor,Philippines,Male,M18-24,1,10:38:55,31,1:02:37,8,5:23:05,65,4:07:59,96,Finisher
13,Byungeun Lee,Korea,Male,M30-34,2,10:40:47,32,1:30:23,276,5:08:25,28,3:52:52,46,Finisher
415,Do Hyun Park,Korea,Male,M45-49,4,10:40:59,33,1:22:51,146,5:34:35,100,3:31:22,16,Finisher
107,Hoihang Wong,United Kingdom,Male,M25-29,3,10:41:17,34,1:19:12,103,5:37:04,104,3:34:52,20,Finisher
33,Guy Dru Drury,United Kingdom,Male,M55-59,2,10:42:35,35,1:14:58,53,5:23:00,64,3:54:22,54,Finisher
259,Yiseul Son,Korea,Female,F35-39,2,10:42:55,36,1:17:15,80,5:41:44,126,3:34:58,22,Finisher
335,주오 박,Korea,Male,M40-44,8,10:43:36,37,1:20:25,119,5:10:08,32,4:01:31,71,Finisher
502,Yongsik Im,Korea,Male,M50-54,3,10:44:11,38,1:27:55,226,5:20:51,59,3:40:12,31,Finisher
65,Wonseok Jang,Korea,Male,M55-59,3,10:44:29,39,1:19:29,108,5:21:41,60,3:54:13,53,Finisher
340,동호 성,Korea,Male,M40-44,9,10:45:23,40,1:32:22,310,5:14:06,47,3:47:09,39,Finisher
23,Xingzong Liu,China,Male,M40-44,10,10:46:39,41,1:38:44,411,5:23:18,67,3:36:00,24,Finisher
186,Seongmin Bae,Korea,Male,M35-39,13,10:46:41,42,1:25:22,185,5:35:54,101,3:34:57,21,Finisher
58,Kyung Ho Lee,Korea,Male,M45-49,5,10:46:46,43,1:24:06,164,5:14:05,46,3:58:28,64,Finisher
261,Kevin Tze Ho Chow,Hong Kong,Male,M40-44,11,10:47:54,44,59:39:00,5,5:13:51,45,4:27:44,153,Finisher
219,Ingon Park,Korea,Male,M35-39,14,10:48:15,45,1:17:07,75,5:27:35,80,3:46:57,38,Finisher
136,Changyu Kim,Korea,Male,M30-34,3,10:48:48,46,1:13:04,38,5:46:36,139,3:43:16,33,Finisher
220,Junghyun Park,Korea,Male,M35-39,15,10:48:49,47,1:07:11,21,5:20:27,58,4:12:12,107,Finisher
214,Meichang Liu,China,Male,M35-39,16,10:49:12,48,1:16:58,71,5:23:25,68,3:58:03,62,Finisher
160,Yoon Hae Ahn,Canada,Female,F30-34,1,10:49:19,49,1:22:02,137,5:37:29,107,3:37:09,26,Finisher
263,Soongi Cho,Korea,Male,M40-44,12,10:49:45,50,1:26:14,196,5:02:25,19,4:06:54,91,Finisher
317,Minjae Song,Korea,Male,M40-44,13,10:50:44,51,1:18:17,92,5:31:22,86,3:53:58,52,Finisher
492,Sangtae Choi,Korea,Male,M50-54,4,10:51:10,52,1:22:00,136,5:17:41,54,3:58:50,66,Finisher
59,Youngjae Lee,Korea,Male,M45-49,6,10:53:53,53,1:22:59,150,5:25:27,74,3:55:50,56,Finisher
698,乃凌 陶,China,Male,M60-64,1,10:54:16,54,1:19:44,114,5:16:03,52,4:07:13,93,Finisher
604,Young Rae Jung,Korea,Male,M55-59,4,10:54:23,55,1:16:34,65,5:24:35,70,4:00:45,70,Finisher
60,Seongsu Kim,Korea,Male,M50-54,5,10:55:00,56,1:21:04,126,5:29:25,84,3:58:04,63,Finisher
299,Taekeun Lee,Korea,Male,M40-44,14,10:55:44,57,1:27:31,218,5:41:06,123,3:33:45,18,Finisher
238,준혁 성,Korea,Male,M35-39,17,10:57:15,58,1:28:32,231,5:10:26,34,4:08:35,97,Finisher
1,HYEKYEONG SEO,Korea,Female,F30-34,2,10:57:18,59,1:11:35,33,5:33:10,93,4:05:47,87,Finisher
290,Youngchul Kim,Korea,Male,M40-44,15,10:58:20,60,1:39:51,422,5:12:29,38,3:50:51,43,Finisher
235,? ??,Korea,Male,M35-39,18,10:59:17,61,1:46:33,479,5:08:34,29,3:52:20,45,Finisher
500,Hwang Seong Bong,Korea,Male,M50-54,6,11:01:44,62,1:13:46,43,5:40:32,121,3:53:14,49,Finisher
419,Sung Hyun Park,Korea,Male,M45-49,7,11:01:49,63,1:33:37,333,5:26:58,78,3:51:00,44,Finisher
31,Youngchul Kim,Korea,Male,M50-54,7,11:03:23,64,1:30:30,278,5:19:25,57,4:01:52,73,Finisher
21,達也 安齋,Japan,Male,M35-39,19,11:03:47,65,1:14:56,51,5:37:18,106,4:02:45,76,Finisher
296,Junyeon Lee,Korea,Male,M40-44,16,11:04:17,66,1:18:23,93,5:25:35,75,4:10:26,101,Finisher
28,영균 김,Korea,Male,M45-49,8,11:05:29,67,1:22:45,145,5:40:14,120,3:47:40,40,Finisher
501,Inchul Hwang,Korea,Male,M50-54,8,11:05:57,68,1:18:12,91,5:37:08,105,4:02:35,75,Finisher
255,Sook Jin Kang,Korea,Female,F35-39,3,11:05:58,69,1:23:30,155,5:38:07,114,3:53:54,50,Finisher
599,Jokyun Jeong,Korea,Male,M55-59,5,11:06:47,70,1:32:23,311,5:11:00,35,4:09:29,100,Finisher
559,노 영복,Korea,Male,M50-54,9,11:06:54,71,1:13:44,41,5:48:36,143,3:58:01,61,Finisher
257,Yuanyuan Liu,China,Female,F35-39,4,11:07:01,72,1:32:58,324,5:38:17,115,3:46:46,37,Finisher
465,Hyunjung Kim,Korea,Female,F45-49,1,11:07:26,73,1:22:27,141,5:37:55,111,3:59:42,69,Finisher
414,Choulkyun Park,Korea,Male,M45-49,9,11:07:44,74,1:19:40,113,5:15:51,51,4:20:16,128,Finisher
391,Jong Kyung Kim,Korea,Male,M45-49,10,11:09:03,75,1:21:33,133,5:13:50,44,4:24:21,139,Finisher
217,Wang-Woo Nam,Korea,Male,M35-39,20,11:09:34,76,1:19:07,100,5:23:46,69,4:12:51,110,Finisher
7,Dougin Walker,United States,Male,M55-59,6,11:09:35,77,54:04:00,2,5:34:09,99,4:30:36,160,Finisher
400,Dongeun Lee,Korea,Male,M45-49,11,11:10:10,78,1:28:19,228,5:33:41,96,3:53:55,51,Finisher
550,? ?,China,Male,M50-54,10,11:11:00,79,1:21:29,132,5:33:52,98,4:05:48,88,Finisher
357,Congyu Zhu,China,Female,F40-44,1,11:11:37,80,1:16:38,68,5:45:17,135,4:02:14,74,Finisher
332,종신 김,Korea,Male,M40-44,17,11:12:07,81,1:19:10,102,5:37:35,109,4:01:46,72,Finisher
52,Yu Zhang,China,Male,M40-44,18,11:15:29,82,1:30:45,283,5:21:57,61,4:06:14,89,Finisher
45,Daeho Ha,Korea,Male,M40-44,19,11:17:23,83,1:05:31,13,5:12:42,40,4:45:16,226,Finisher
634,Wonhan Song,Korea,Male,M55-59,7,11:18:29,84,1:19:29,109,5:49:01,144,3:58:57,67,Finisher
56,Sunghoon Kim,Korea,Male,M45-49,12,11:18:37,85,1:27:00,208,5:22:36,62,4:18:11,125,Finisher
676,Dong Hwan Kim,Korea,Male,M60-64,2,11:19:26,86,1:22:43,143,5:06:25,25,4:40:05,201,Finisher
2,Sangho Lee,Korea,Male,M35-39,21,11:19:33,87,1:11:35,34,5:24:49,72,4:36:46,178,Finisher
75,Junghun Lee,Korea,Male,M18-24,2,11:20:19,88,1:23:40,159,5:41:23,124,4:04:57,83,Finisher
390,Dohyoung Kim,Korea,Male,M45-49,13,11:20:43,89,1:29:08,244,5:32:00,90,4:12:31,108,Finisher
684,Insoo Park,Korea,Male,M60-64,3,11:24:29,90,1:28:35,234,5:42:57,128,3:59:33,68,Finisher
311,Jong-Hun Park,Korea,Male,M40-44,20,11:24:34,91,1:22:40,142,5:55:06,159,3:56:58,58,Finisher
15,Ramon Miguel E. Abeleda,Philippines,Male,M35-39,22,11:25:11,92,1:13:53,44,5:45:03,134,4:17:41,123,Finisher
247,규원 정,Korea,Male,M35-39,23,11:25:30,93,1:26:34,201,5:37:31,108,4:06:43,90,Finisher
612,Jong Hyuk Lee,Korea,Male,M55-59,8,11:26:20,94,1:28:38,235,5:45:33,136,3:58:33,65,Finisher
280,Min Suk Jang,Korea,Male,M40-44,21,11:27:32,95,1:14:38,48,5:19:10,56,4:41:04,208,Finisher
619,Jochen Nippel,Germany,Male,M55-59,9,11:28:53,96,1:10:51,31,5:24:48,71,4:43:33,218,Finisher
173,Xing Lu,China,Female,F30-34,3,11:29:25,97,1:34:41,347,6:05:32,211,3:39:41,30,Finisher
269,Evgeny Dekhtiar,Unknown,Male,M40-44,22,11:29:56,98,1:04:58,9,6:15:26,253,3:57:49,60,Finisher
420,Carlos Prieto,United States,Male,M45-49,14,11:30:13,99,1:16:35,66,5:32:08,92,4:26:28,149,Finisher
523,Young Sam Kong,Korea,Male,M50-54,11,11:30:30,100,1:16:26,64,5:38:02,113,4:22:32,136,Finisher
345,희연 이,Korea,Male,M40-44,23,11:30:39,101,1:30:56,285,5:56:20,165,3:47:51,41,Finisher
302,Jingyu Maeng,Korea,Male,M40-44,24,11:31:23,102,1:28:48,239,5:24:58,73,4:27:57,155,Finisher
270,Aleksei Geiman,Unknown,Male,M40-44,25,11:32:14,103,1:12:00,37,5:31:31,89,4:39:30,196,Finisher
693,Hyeonjong You,Korea,Male,M60-64,4,11:33:24,104,1:26:36,204,5:30:33,85,4:25:26,145,Finisher
266,Matthew Crawford,Canada,Male,M40-44,26,11:34:03,105,1:24:38,174,5:46:56,140,4:05:08,84,Finisher
29,Eun-Nam Kim,Korea,Female,F45-49,2,11:34:26,106,1:34:46,349,5:45:01,133,4:04:37,82,Finisher
326,Hongbin Zhang,China,Male,M40-44,27,11:35:15,107,1:10:43,28,5:38:49,117,4:33:57,167,Finisher
128,Aleksei Artemenko,Unknown,Male,M30-34,4,11:36:28,108,1:18:49,94,5:38:39,116,4:22:22,135,Finisher
440,현진 김,Korea,Male,M45-49,15,11:36:53,109,1:17:28,84,5:41:48,127,4:23:27,138,Finisher
527,Hyun Ik Lee,Korea,Male,M50-54,12,11:37:59,110,1:24:08,166,5:33:21,94,4:25:03,143,Finisher
188,Jun Zhen Benjamin Chee,Malaysia,Male,M35-39,24,11:38:17,111,1:25:22,186,5:49:33,146,4:16:20,120,Finisher
329,민회 구,Korea,Male,M40-44,28,11:40:51,112,1:16:45,69,6:04:54,208,4:10:36,102,Finisher
377,Shin Jae,Korea,Male,M45-49,16,11:40:57,113,1:24:49,176,5:59:20,181,3:57:36,59,Finisher
196,Vitalii Ilin,Unknown,Male,M35-39,25,11:42:34,114,1:17:05,74,5:27:18,79,4:43:12,217,Finisher
448,전식 오,Korea,Male,M45-49,17,11:43:56,115,1:24:06,165,5:26:48,76,4:38:31,191,Finisher
539,Jong In Park,Korea,Male,M50-54,13,11:44:20,116,1:28:43,236,5:23:06,66,4:39:39,198,Finisher
16,Lexter Ansaldo,Philippines,Male,M35-39,26,11:44:32,117,1:27:24,216,5:13:14,42,4:50:51,244,Finisher
477,순영 정,Korea,Female,F45-49,3,11:45:00,118,1:25:03,179,6:05:54,214,4:04:23,80,Finisher
74,Minjae Kang,Korea,Male,M18-24,3,11:45:30,119,1:18:51,96,5:12:57,41,5:01:00,291,Finisher
487,Changmin Choi,Korea,Male,M50-54,14,11:45:38,120,1:30:43,282,5:55:08,160,4:05:13,85,Finisher
256,Soojung Lee,Korea,Female,F35-39,5,11:47:04,121,1:24:34,173,5:33:43,97,4:34:47,172,Finisher
544,Sergei Senchenko,Kyrgyzstan,Male,M50-54,15,11:47:28,122,1:30:19,274,5:32:01,91,4:34:23,171,Finisher
46,Junho Lee,Korea,Male,M40-44,29,11:47:32,123,1:06:05,15,5:53:19,155,4:39:07,195,Finisher
366,Eunkwang Cheon,Korea,Male,M45-49,18,11:47:43,124,1:29:25,253,5:41:43,125,4:22:41,137,Finisher
314,Jianghao Shi,China,Male,M40-44,30,11:49:27,125,1:27:07,211,5:44:08,131,4:26:52,151,Finisher
291,Yeongbok Ko,Korea,Male,M40-44,31,11:49:33,126,1:15:56,59,5:53:47,156,4:27:55,154,Finisher
39,Geunseok Kim,Korea,Male,M30-34,5,11:51:49,127,1:29:00,242,6:01:40,186,4:03:24,79,Finisher
244,은하 이,Korea,Male,M35-39,27,11:54:29,128,1:34:45,348,5:46:33,138,4:16:28,121,Finisher
472,Hyelim Yoon,Korea,Female,F45-49,4,11:54:32,129,1:21:25,131,6:09:33,232,4:07:57,95,Finisher
54,Ham Seongje,Korea,Male,M45-49,19,11:55:52,130,1:29:41,258,6:07:13,221,4:07:31,94,Finisher
666,Hideki Matsumoto,Japan,Male,M60-64,5,11:56:34,131,1:25:55,192,5:40:50,122,4:40:56,205,Finisher
197,Jinil Jeon,Korea,Male,M35-39,28,11:57:47,132,1:30:08,268,5:58:08,172,4:15:37,118,Finisher
475,세정 김,Korea,Female,F45-49,5,11:57:59,133,1:28:30,230,6:03:38,199,4:14:46,115,Finisher
394,Se Yoon Kim,Korea,Male,M45-49,20,11:58:16,134,1:29:09,245,5:36:38,102,4:34:04,168,Finisher
568,한주 이,Korea,Male,M50-54,16,11:58:26,135,1:32:03,302,6:08:34,225,3:53:09,48,Finisher
481,Stephen Burns,Philippines,Male,M50-54,17,11:58:31,136,1:23:33,156,5:39:41,119,4:42:24,213,Finisher
103,Anthony Cunnigham,Philippines,Male,M25-29,4,11:59:36,137,1:17:10,76,6:05:55,215,4:29:06,158,Finisher
450,영재 이,Korea,Male,M45-49,21,12:00:22,138,1:29:52,261,6:07:07,220,4:10:54,103,Finisher
639,Yun Dong,China,Male,M55-59,10,12:00:41,139,1:29:14,250,5:58:17,174,4:11:59,105,Finisher
398,Changhyun Lee,Korea,Male,M45-49,22,12:01:13,140,1:31:27,295,6:00:47,183,4:14:19,114,Finisher
10,Kugcheol Lee,Korea,Male,M65-69,1,12:01:28,141,1:37:59,402,5:14:10,48,4:53:32,256,Finisher
153,주환 이,Korea,Male,M30-34,6,12:01:47,142,1:27:08,212,5:54:03,157,4:14:13,113,Finisher
530,Seungki Lee,Korea,Male,M50-54,18,12:03:28,143,1:21:05,127,5:29:14,83,4:59:08,283,Finisher
428,Doojin Yoon,Korea,Male,M45-49,23,12:03:38,144,1:33:19,328,6:01:42,187,4:20:18,129,Finisher
657,Yunsun Lee,Korea,Female,F55-59,1,12:06:03,145,1:30:37,281,6:04:08,201,4:19:41,126,Finisher
32,Ilhwan Oh,Korea,Male,M50-54,19,12:06:34,146,1:20:11,117,5:33:29,95,5:02:28,298,Finisher
248,Junbum Cho,Korea,Male,M35-39,29,12:07:06,147,1:18:51,97,5:56:05,162,4:39:46,199,Finisher
626,Kyeong Yong Park,Korea,Male,M55-59,11,12:07:07,148,1:36:31,376,5:51:17,148,4:24:37,141,Finisher
134,Sangseok Hong,Korea,Male,M30-34,7,12:08:29,149,1:29:26,254,6:06:44,217,4:08:35,98,Finisher
157,정현 장,Korea,Male,M30-34,8,12:08:58,150,1:19:18,105,6:20:20,280,4:05:45,86,Finisher
381,Ui Jeong Jeong,Korea,Male,M45-49,24,12:09:12,151,1:31:07,290,5:31:22,87,4:53:10,254,Finisher
292,Byung-Soo Lee,Korea,Male,M40-44,32,12:09:54,152,1:21:00,123,5:07:13,27,5:33:30,382,Finisher
397,Changhee Lee,Korea,Male,M45-49,25,12:10:25,153,1:29:24,252,6:10:12,233,4:16:07,119,Finisher
486,Choi Changyong,Korea,Male,M50-54,20,12:12:06,154,1:21:15,129,6:05:38,212,4:27:05,152,Finisher
265,Kwang Soo Choi,Korea,Male,M40-44,33,12:12:41,155,1:17:26,83,6:07:14,222,4:37:32,182,Finisher
250,진구 한,Korea,Male,M35-39,30,12:13:33,156,1:35:00,352,5:11:17,36,5:14:51,339,Finisher
515,Dongwoo Kim,Korea,Male,M50-54,21,12:14:37,157,1:10:42,27,5:57:42,170,4:56:45,275,Finisher
325,Kwangnam Yoon,Korea,Male,M40-44,34,12:14:57,158,1:37:26,390,5:51:45,150,4:14:50,116,Finisher
703,Minsun Kim,Korea,Female,F60-64,1,12:15:01,159,1:36:02,371,6:01:50,188,4:24:53,142,Finisher
635,Jongcheol Sun,Korea,Male,M55-59,12,12:16:24,160,1:27:31,219,6:01:08,184,4:28:04,156,Finisher
297,Soohyun Lee,Korea,Male,M40-44,35,12:16:37,161,1:23:51,162,6:05:48,213,4:31:20,162,Finisher
425,Kenneth Amiel M. Taylor,Philippines,Male,M45-49,26,12:16:38,162,1:18:03,89,6:11:02,237,4:37:29,181,Finisher
355,Mariia Mezentseva,Unknown,Female,F40-44,2,12:16:48,163,1:37:29,393,6:40:53,366,3:44:30,34,Finisher
630,Seong Weon Seo,Korea,Male,M55-59,13,12:17:38,164,1:34:40,346,5:36:38,103,4:55:32,268,Finisher
142,Sang Hoon Lee,Korea,Male,M30-34,9,12:18:47,165,1:22:55,148,5:52:45,153,4:37:57,185,Finisher
293,Cheonseok Lee,Korea,Male,M40-44,36,12:20:36,166,1:18:49,95,5:17:19,53,5:34:51,387,Finisher
446,태욱 빈,Korea,Male,M45-49,27,12:21:22,167,1:25:56,193,6:15:59,257,4:24:23,140,Finisher
275,Sung Woo Han,Korea,Male,M40-44,37,12:21:25,168,1:32:42,317,6:52:00,413,3:37:35,27,Finisher
669,Yuyeon Hwang,Korea,Male,M60-64,6,12:21:36,169,1:41:19,435,5:37:53,110,4:54:09,261,Finisher
288,Kyun-Sam Kim,Korea,Male,M40-44,38,12:22:18,170,1:18:01,87,6:08:01,224,4:44:45,225,Finisher
525,Dongmin Lee,Korea,Male,M50-54,22,12:23:36,171,1:24:16,168,6:04:21,204,4:38:20,189,Finisher
159,정현 한,Korea,Male,M30-34,10,12:23:46,172,1:20:05,115,6:02:15,190,4:37:59,186,Finisher
460,태호 황,Korea,Male,M45-49,28,12:25:52,173,1:35:58,369,5:43:04,129,4:43:40,219,Finisher
549,윤 기현,Korea,Male,M50-54,23,12:27:27,174,1:15:44,58,5:44:28,132,5:11:58,325,Finisher
461,Jung Nam Kung,Korea,Female,F45-49,6,12:27:46,175,1:26:36,205,6:15:59,258,4:31:53,164,Finisher
451,창환 이,Korea,Male,M45-49,29,12:28:10,176,1:31:36,299,6:23:54,294,4:09:23,99,Finisher
466,Hea Jung Lee,Korea,Female,F45-49,7,12:28:13,177,1:22:52,147,6:17:54,269,4:35:32,175,Finisher
253,Narae Chung,Korea,Female,F35-39,6,12:30:04,178,1:13:53,45,6:22:16,285,4:41:02,207,Finisher
363,Seung Ho Baek,Korea,Male,M45-49,30,12:30:21,179,1:44:34,458,6:19:34,276,4:13:53,111,Finisher
204,Younghyoun Kim,Korea,Male,M35-39,31,12:30:42,180,1:10:46,29,5:59:14,180,5:06:32,311,Finisher
109,Aydar Zakirov,Kazakhstan,Male,M25-29,5,12:30:48,181,1:30:00,266,5:56:27,168,4:48:32,235,Finisher
361,Chulhyun An,Korea,Male,M45-49,31,12:31:23,182,1:11:30,32,6:17:54,270,4:43:10,215,Finisher
360,Ahn Seungjin,Korea,Male,M45-49,32,12:31:42,183,1:36:19,374,6:24:13,296,4:17:15,122,Finisher
221,Youngseung Park,Korea,Male,M35-39,32,12:32:38,184,1:27:18,213,6:29:17,321,4:21:34,133,Finisher
225,Katsuhisa Tamai,Japan,Male,M35-39,33,12:32:54,185,1:41:51,439,6:02:26,191,4:34:11,170,Finisher
312,Kyung Mook Park,Korea,Male,M40-44,39,12:33:55,186,1:26:17,198,6:29:46,322,4:22:15,134,Finisher
607,Seong Ku Kim,Korea,Male,M55-59,14,12:34:37,187,1:21:56,135,6:02:32,193,4:57:30,278,Finisher
519,Jung Mo Kim,Korea,Male,M50-54,24,12:34:45,188,1:33:41,336,6:25:23,306,4:21:29,132,Finisher
328,Liang Qiao?,China,Male,M40-44,40,12:35:02,189,1:30:13,271,6:14:39,250,4:28:54,157,Finisher
12,Benjamin Kufal,South Africa,Male,M30-34,11,12:35:37,190,1:11:40,35,5:52:12,152,5:17:03,343,Finisher
64,Seongil Hong,Korea,Male,M55-59,15,12:37:23,191,1:34:08,342,6:15:18,252,4:38:22,190,Finisher
156,규인 장,Korea,Male,M30-34,12,12:37:26,192,1:29:54,262,5:55:48,161,4:57:12,276,Finisher
674,Sangmyeong Kang,Korea,Male,M60-64,7,12:37:37,193,1:29:55,264,5:59:27,182,4:56:29,272,Finisher
426,Kihong Woo,Korea,Male,M45-49,33,12:38:22,194,1:33:00,325,5:46:32,137,5:03:04,301,Finisher
442,민규 박,Korea,Male,M45-49,34,12:38:28,195,1:31:02,288,6:14:15,248,4:38:56,193,Finisher
505,Jeong Jongseok,Korea,Male,M50-54,25,12:38:58,196,1:25:19,183,5:58:09,173,4:58:40,281,Finisher
680,Wonsung Kim,Korea,Male,M60-64,8,12:39:01,197,1:26:58,207,6:04:42,207,4:52:02,252,Finisher
551,경근 김,Korea,Male,M50-54,26,12:39:19,198,1:26:43,206,6:09:23,230,4:46:48,233,Finisher
195,Keon Hwang,Korea,Male,M35-39,34,12:39:24,199,1:33:19,327,6:03:23,198,4:49:05,239,Finisher
444,준규 박,Korea,Male,M45-49,35,12:39:45,200,1:23:28,154,6:04:06,200,4:58:47,282,Finisher
354,Yuha Kim,Korea,Female,F40-44,3,12:39:58,201,1:35:07,356,6:32:36,328,4:20:21,130,Finisher
18,Hyo Min Kim,Korea,Male,M35-39,35,12:41:08,202,1:17:32,85,6:18:50,271,4:55:29,267,Finisher
474,미선 김,Korea,Female,F45-49,8,12:41:50,203,1:36:52,380,6:25:03,303,4:25:28,146,Finisher
436,영석 김,Korea,Male,M45-49,36,12:43:06,204,1:26:09,194,6:05:17,210,4:46:42,232,Finisher
605,Byoung Hoi Kim,Korea,Male,M55-59,16,12:43:18,205,1:42:20,443,5:58:54,177,4:49:33,241,Finisher
194,Yunsung Ha,Korea,Male,M35-39,36,12:43:32,206,1:18:58,98,6:26:01,309,4:34:08,169,Finisher
76,Shogo Nishio,Japan,Male,M18-24,4,12:44:11,207,1:24:59,178,6:19:22,273,4:38:58,194,Finisher
457,Jongmin Han,Korea,Male,M45-49,37,12:44:12,208,1:17:17,81,6:03:00,196,5:01:28,293,Finisher
51,Jinho Ryu,Korea,Male,M40-44,41,12:44:24,209,1:20:22,118,6:12:57,241,4:57:56,279,Finisher
372,Go Sung Won,Korea,Male,M45-49,38,12:44:56,210,1:19:32,110,6:36:16,346,4:35:48,177,Finisher
137,Geumbae Kim,Korea,Male,M30-34,13,12:46:02,211,1:16:24,63,5:51:58,151,5:22:59,359,Finisher
78,Jihun Sim,Korea,Male,M18-24,5,12:46:02,212,1:05:27,12,6:04:40,206,5:20:10,350,Finisher
216,Nikita Mezentsev,Unknown,Male,M35-39,37,12:46:11,213,1:36:52,381,6:17:03,264,4:39:31,197,Finisher
488,Hanho Choi,Korea,Male,M50-54,27,12:46:41,214,1:20:38,121,5:58:51,176,5:11:13,322,Finisher
470,Hyunha Seok,Korea,Female,F45-49,9,12:48:39,215,1:27:49,225,6:19:10,272,4:45:45,228,Finisher
338,명진 백,Korea,Male,M40-44,42,12:49:04,216,1:19:03,99,6:17:40,267,4:51:54,249,Finisher
696,외용 김,Korea,Male,M60-64,9,12:49:06,217,1:39:03,415,6:06:01,216,4:44:26,222,Finisher
375,Sung Bae Hong,Korea,Male,M45-49,39,12:49:18,218,1:25:35,188,6:20:22,281,4:38:05,188,Finisher
591,Tanaka Futoshi,Japan,Male,M55-59,17,12:49:28,219,1:41:30,436,6:03:17,197,4:48:09,234,Finisher
517,Jinho Kim,Korea,Male,M50-54,28,12:49:51,220,1:26:16,197,5:59:08,178,5:13:03,329,Finisher
598,Hansin Jeong,Korea,Male,M55-59,18,12:50:29,221,1:23:34,157,5:31:29,88,5:41:53,405,Finisher
455,창만 조,Korea,Male,M45-49,40,12:50:40,222,1:25:07,180,6:35:05,340,4:26:38,150,Finisher
536,Chun Sik Park,Korea,Male,M50-54,29,12:51:59,223,1:22:58,149,5:56:26,167,5:14:14,336,Finisher
249,병민 최,Korea,Male,M35-39,38,12:52:09,224,1:42:50,447,6:32:01,324,4:12:08,106,Finisher
228,康 安,China,Male,M35-39,39,12:52:20,225,2:05:23,557,6:14:45,251,4:18:02,124,Finisher
278,Chulhee Jang,Korea,Male,M40-44,43,12:54:23,226,1:29:11,247,6:15:32,254,4:43:11,216,Finisher
267,Luis Cristo,Mexico,Male,M40-44,44,12:55:14,227,1:19:27,106,6:20:32,282,5:04:11,307,Finisher
565,현상 신,Korea,Male,M50-54,30,12:55:18,228,1:28:45,237,6:13:45,246,4:58:15,280,Finisher
438,태한 김,Korea,Male,M45-49,41,12:55:45,229,1:30:07,267,6:23:05,292,4:38:54,192,Finisher
62,Tanaka Kazuko,Japan,Female,F50-54,1,12:56:59,230,1:32:10,304,6:26:27,311,4:37:17,180,Finisher
534,Youngjin Paik,Korea,Male,M50-54,31,12:57:44,231,1:24:02,163,6:22:40,290,4:53:46,257,Finisher
564,영국 송,Korea,Male,M50-54,32,12:59:55,232,1:34:04,339,6:24:22,298,4:44:28,223,Finisher
298,Sunghyun Lee,Korea,Male,M40-44,45,13:00:04,233,1:39:13,417,6:51:57,412,4:02:52,77,Finisher
393,Kyounghwan Kim,Korea,Male,M45-49,42,13:01:54,234,1:19:37,111,5:39:34,118,5:50:57,426,Finisher
628,Choong Hee Seo,Korea,Male,M55-59,19,13:02:39,235,1:30:10,269,6:11:55,238,5:03:16,304,Finisher
330,도현 김,Korea,Male,M40-44,46,13:02:43,236,1:24:24,170,6:35:54,344,4:40:23,202,Finisher
211,Sangwoo Lee,Korea,Male,M35-39,40,13:02:50,237,1:34:34,345,6:49:53,407,4:25:52,147,Finisher
712,?? ?,Korea,Male,M65-69,2,13:03:13,238,1:24:45,175,6:32:19,326,4:41:56,212,Finisher
152,주호 이,Korea,Male,M30-34,14,13:03:15,239,1:29:54,263,6:24:15,297,4:49:34,242,Finisher
535,Chang Jin Park,Korea,Male,M50-54,33,13:04:23,240,1:22:12,139,6:17:01,263,5:11:44,324,Finisher
237,지호 서,Korea,Male,M35-39,41,13:04:28,241,1:35:16,359,6:26:59,313,4:35:35,176,Finisher
359,아련 이,Korea,Female,F40-44,4,13:05:12,242,1:50:59,501,6:17:30,266,4:37:55,184,Finisher
303,Chulki Min,Korea,Male,M40-44,47,13:05:43,243,1:06:28,18,6:16:39,261,5:28:50,372,Finisher
516,Hong Lak Kim,Korea,Male,M50-54,34,13:05:56,244,1:32:27,313,6:20:58,284,4:56:19,271,Finisher
652,Jaeyeon An,Korea,Female,F55-59,2,13:06:42,245,1:32:15,308,6:34:10,335,4:46:37,231,Finisher
633,Yong Hwa Shin,Korea,Male,M55-59,20,13:06:58,246,1:28:46,238,6:13:51,247,5:01:29,294,Finisher
364,Kitak Bok,Korea,Male,M45-49,43,13:07:08,247,1:35:37,362,6:23:50,293,4:44:17,221,Finisher
621,Sanghoon Oh,Korea,Male,M55-59,21,13:07:12,248,1:46:28,478,6:35:35,343,4:26:19,148,Finisher
407,Dmitry Lukyanov,Unknown,Male,M45-49,44,13:07:39,249,1:34:00,337,6:12:35,239,5:03:33,305,Finisher
277,Dave Vincent Jamago,Philippines,Male,M40-44,48,13:08:01,250,1:44:30,457,6:22:38,289,4:46:11,229,Finisher
710,양수 박,Korea,Male,M65-69,3,13:08:35,251,1:41:04,433,6:32:25,327,4:41:46,210,Finisher
663,Gilles Castagnes,France,Male,M60-64,10,13:08:38,252,1:19:29,107,6:15:46,255,5:23:05,360,Finisher
577,Kyounghee Kim,Korea,Female,F50-54,2,13:08:45,253,1:23:48,161,6:07:36,223,5:20:47,355,Finisher
53,Hiro Fujimori,Japan,Male,M45-49,45,13:08:56,254,1:30:49,284,6:26:27,312,5:01:35,295,Finisher
569,충경 정,Korea,Male,M50-54,35,13:09:27,255,1:22:10,138,7:03:25,449,4:30:03,159,Finisher
210,Sac Lee,Korea,Male,M35-39,42,13:10:15,256,1:31:35,298,6:31:13,323,4:51:44,248,Finisher
169,Leanne Kermack,United Kingdom,Female,F30-34,4,13:11:27,257,1:19:10,101,6:46:10,388,4:49:00,238,Finisher
624,Dong Sik Park,Korea,Male,M55-59,22,13:11:36,258,1:27:38,221,6:16:30,260,5:17:32,346,Finisher
130,Alejandro Chung,Chile,Male,M30-34,15,13:12:09,259,1:20:11,116,6:38:20,351,4:55:24,266,Finisher
243,승환 이,Korea,Male,M35-39,43,13:12:51,260,1:16:07,61,6:02:28,192,5:40:38,401,Finisher
358,예진 김,Korea,Female,F40-44,5,13:12:54,261,1:37:03,385,6:13:13,243,5:01:19,292,Finisher
524,Kwon Su Bum,Korea,Male,M50-54,36,13:13:21,262,1:46:02,473,7:01:07,442,4:15:08,117,Finisher
601,창국(CHANGKOOK) 정(JUNG),Korea,Male,M55-59,23,13:13:42,263,1:58:15,542,6:05:12,209,4:56:08,269,Finisher
417,Jooshin Park,Korea,Male,M45-49,46,13:14:49,264,1:30:11,270,6:34:03,333,4:54:18,262,Finisher
705,Myung Sik Choi,Korea,Male,M65-69,4,13:14:51,265,1:45:16,463,6:32:10,325,4:41:31,209,Finisher
566,규훈 이,Korea,Male,M50-54,37,13:14:54,266,1:27:36,220,5:51:34,149,5:36:06,389,Finisher
459,찬영 황,Korea,Male,M45-49,47,13:15:19,267,1:30:32,280,6:22:52,291,4:51:57,250,Finisher
518,Joo Yeok Kim,Korea,Male,M50-54,38,13:15:40,268,1:37:42,398,6:04:12,202,5:05:32,309,Finisher
66,Matthew Yaquinto,United States,Male,M55-59,24,13:17:33,269,1:32:32,315,5:49:07,145,5:45:34,417,Finisher
548,Youngsoo Yoo,Korea,Male,M50-54,39,13:17:35,270,1:41:50,438,6:22:30,287,5:00:18,287,Finisher
622,Sekwon Oh,Korea,Male,M55-59,25,13:17:50,271,1:47:15,483,6:19:33,275,4:49:59,243,Finisher
106,Minsu Kim,Korea,Male,M25-29,6,13:18:32,272,1:18:03,88,6:28:38,319,5:17:08,344,Finisher
240,태용 심,Korea,Male,M35-39,44,13:18:49,273,1:18:01,86,6:33:08,331,5:12:53,328,Finisher
453,남훈 정,Korea,Male,M45-49,48,13:18:52,274,1:14:58,52,6:48:40,403,4:56:16,270,Finisher
413,Bong Min Park,Korea,Male,M45-49,49,13:19:05,275,1:50:22,498,6:02:40,194,5:08:50,314,Finisher
494,Dong Ho Han,Korea,Male,M50-54,40,13:19:15,276,1:32:47,320,6:28:40,320,4:53:15,255,Finisher
287,Kwanki Kim,Korea,Male,M40-44,49,13:19:16,277,1:29:34,256,6:43:27,376,4:40:31,204,Finisher
14,Nahyun Kim,Korea,Female,F30-34,5,13:19:37,278,1:51:23,504,6:40:14,360,4:34:56,173,Finisher
149,선한 신,Korea,Male,M30-34,16,13:20:57,279,1:38:16,408,6:42:13,372,4:48:59,237,Finisher
541,Sunghyo Park,Korea,Male,M50-54,41,13:20:58,280,1:37:53,399,6:22:36,288,5:03:12,303,Finisher
203,Joohwa Kim,Korea,Male,M35-39,45,13:21:18,281,1:45:23,466,6:24:39,300,4:52:51,253,Finisher
281,Soungjin Jeon,Korea,Male,M40-44,50,13:21:44,282,1:29:57,265,5:54:15,158,5:37:52,391,Finisher
25,Keiichi Yoshitomi,Japan,Male,M40-44,51,13:23:34,283,1:51:45,509,6:39:25,359,4:35:19,174,Finisher
260,영희 주,Korea,Female,F35-39,7,13:23:41,284,1:27:29,217,7:03:35,450,4:38:01,187,Finisher
392,Kwang Hyun Kim,Korea,Male,M45-49,50,13:23:43,285,1:19:39,112,6:04:27,205,5:39:10,396,Finisher
611,Han Jo Lee,Korea,Male,M55-59,26,13:23:50,286,1:40:48,429,6:37:44,349,4:44:43,224,Finisher
532,Heungtaek Lim,Korea,Male,M50-54,42,13:23:58,287,1:44:13,455,6:44:55,382,4:30:39,161,Finisher
198,Dattatray Kale,India,Male,M35-39,46,13:24:15,288,1:55:50,532,6:26:24,310,4:51:26,246,Finisher
659,수미 강,Korea,Female,F55-59,3,13:24:29,289,1:43:04,448,6:42:44,373,4:48:38,236,Finisher
343,지황 이,Korea,Male,M40-44,52,13:25:16,290,1:36:52,382,5:58:21,175,5:22:21,358,Finisher
341,의융 유,Korea,Male,M40-44,53,13:25:54,291,1:30:20,275,6:41:41,368,4:56:36,273,Finisher
435,Youngbin Kim,Korea,Male,M45-49,51,13:25:57,292,1:19:18,104,6:48:12,401,4:45:26,227,Finisher
396,Kwon Sang Jin,Korea,Male,M45-49,52,13:26:08,293,1:32:13,306,6:48:05,399,4:37:00,179,Finisher
660,영애 김,Korea,Female,F55-59,4,13:26:24,294,1:54:09,528,6:48:52,405,4:25:22,144,Finisher
178,Wooey Park,Korea,Female,F30-34,6,13:26:34,295,1:34:10,343,6:34:34,339,5:03:37,306,Finisher
497,Kwan Gu Heo,Korea,Male,M50-54,43,13:26:39,296,1:49:53,495,6:38:52,354,4:40:57,206,Finisher
389,Daeik Kim,Korea,Male,M45-49,53,13:27:44,297,1:17:14,79,6:35:28,342,5:23:16,361,Finisher
365,Chang-Eob Cheon,Korea,Male,M45-49,54,13:28:12,298,1:38:14,407,6:40:34,363,4:54:46,264,Finisher
337,경인 배,Korea,Male,M40-44,54,13:28:15,299,1:29:50,259,5:37:57,112,5:59:59,444,Finisher
382,Byungwon Jin,Korea,Male,M45-49,55,13:28:31,300,1:45:05,462,6:47:44,397,4:32:11,165,Finisher
272,Molina Jorge Erminso Guzman,Colombia,Male,M40-44,55,13:29:16,301,1:37:20,387,5:50:00,147,5:39:45,398,Finisher
681,Young Hoon Kim,Korea,Male,M60-64,11,13:30:07,302,1:23:37,158,6:02:07,189,5:46:46,419,Finisher
395,Seho Kook,Korea,Male,M45-49,56,13:30:42,303,1:38:53,413,6:36:23,347,4:54:24,263,Finisher
410,Gabit Mukhambetov,Kazakhstan,Male,M45-49,57,13:30:44,304,1:24:32,172,6:33:55,332,5:13:30,331,Finisher
116,Yulmin Kim,Korea,Female,F25-29,2,13:30:56,305,1:30:57,286,6:07:00,219,5:38:18,395,Finisher
313,Sangmin Park,Korea,Male,M40-44,56,13:32:06,306,1:51:41,507,6:13:32,244,5:06:10,310,Finisher
679,Tae-Shik Kim,Korea,Male,M60-64,12,13:32:25,307,2:06:14,560,6:24:23,299,4:37:52,183,Finisher
542,Youngchang Park,Korea,Male,M50-54,44,13:32:26,308,1:43:23,449,6:16:56,262,5:12:20,326,Finisher
105,Dongwook Kim,Korea,Male,M25-29,7,13:32:29,309,1:38:05,405,6:39:10,357,5:00:36,288,Finisher
543,Seong Yong Ryu,Korea,Male,M50-54,45,13:32:31,310,1:35:02,353,5:59:10,179,5:39:32,397,Finisher
526,Haeil Lee,Korea,Male,M50-54,46,13:33:33,311,1:28:21,229,6:25:58,308,5:16:19,340,Finisher
606,Joonhyung Kim,Korea,Male,M55-59,27,13:34:02,312,1:53:53,524,6:59:34,438,4:21:24,131,Finisher
380,Sung-Wuk Jang,Korea,Male,M45-49,58,13:35:55,313,1:40:10,424,6:09:07,228,5:32:17,379,Finisher
36,You Sook Lee,Korea,Female,F55-59,5,13:36:25,314,1:25:48,191,6:57:42,429,5:02:29,299,Finisher
688,Youk Taek Shim,Korea,Male,M60-64,13,13:38:01,315,1:40:55,431,6:25:18,304,5:14:29,338,Finisher
411,Lai Soon Ng,Malaysia,Male,M45-49,59,13:38:03,316,1:29:50,260,6:39:07,355,5:11:02,320,Finisher
233,노 재호,Korea,Male,M35-39,47,13:38:04,317,1:37:55,401,6:14:24,249,5:31:11,376,Finisher
562,정규 박,Korea,Male,M50-54,47,13:38:06,318,1:45:20,465,6:51:00,410,4:40:03,200,Finisher
558,충헌 김,Korea,Male,M50-54,48,13:38:27,319,1:38:56,414,6:19:39,278,5:20:49,356,Finisher
511,Kim Hyunwoo,Korea,Male,M50-54,49,13:38:47,320,1:16:56,70,6:27:12,314,5:42:54,409,Finisher
306,Noh Seho,Korea,Male,M40-44,57,13:38:57,321,1:31:13,292,5:53:18,154,6:00:53,446,Finisher
333,준연 김,Korea,Male,M40-44,58,13:39:12,322,1:51:09,503,6:04:15,203,5:10:24,317,Finisher
664,Iksoo Choi,Korea,Male,M60-64,14,13:39:13,323,1:30:15,272,6:32:50,329,5:14:11,335,Finisher
632,Jong Yeob Shin,Korea,Male,M55-59,28,13:40:03,324,1:51:34,506,6:08:58,227,5:26:32,366,Finisher
585,정화 백,Korea,Female,F50-54,3,13:40:08,325,1:23:17,152,6:19:46,279,5:35:37,388,Finisher
588,Jeoung Ho Baek,Korea,Male,M55-59,29,13:41:00,326,1:22:22,140,6:46:45,393,5:13:36,333,Finisher
416,Jiho Park,Korea,Male,M45-49,60,13:41:06,327,1:24:56,177,6:32:59,330,5:25:37,363,Finisher
618,Reujenson Lista,Philippines,Male,M55-59,30,13:41:30,328,1:46:47,480,5:47:45,142,5:55:08,434,Finisher
155,재현 임,Korea,Male,M30-34,17,13:42:05,329,1:54:32,529,6:38:43,353,4:46:35,230,Finisher
268,Rodel Cuaton,Philippines,Male,M40-44,59,13:42:08,330,1:35:58,368,7:10:37,471,4:40:23,203,Finisher
236,준희 박,Korea,Male,M35-39,48,13:42:58,331,1:50:41,500,6:34:13,336,4:57:17,277,Finisher
154,태호 이,Korea,Male,M30-34,18,13:43:01,332,1:48:24,491,7:01:16,443,4:32:29,166,Finisher
463,Heejung Kim,Korea,Female,F45-49,10,13:43:29,333,1:51:46,510,6:43:08,375,4:52:00,251,Finisher
403,Jin Sung Lee,Korea,Male,M45-49,61,13:43:38,334,1:29:31,255,7:09:10,470,4:42:54,214,Finisher
231,경남 김,Korea,Male,M35-39,49,13:43:40,335,1:53:05,518,7:45:58,525,3:48:08,42,Finisher
8,Jill Walker,United States,Female,F55-59,6,13:44:20,336,1:17:21,82,6:12:46,240,6:05:17,458,Finisher
571,호현 최,Korea,Male,M50-54,50,13:46:09,337,1:31:06,289,6:55:30,420,5:00:08,286,Finisher
374,Taekyo Han,Korea,Male,M45-49,62,13:47:42,338,1:29:11,248,6:41:43,369,5:20:32,352,Finisher
704,명숙 이,Korea,Female,F60-64,2,13:47:53,339,1:32:19,309,7:00:26,439,4:54:03,259,Finisher
432,Nakamichi Yuya,Japan,Male,M45-49,63,13:47:56,340,1:21:47,134,5:13:24,43,6:53:02,518,Finisher
367,Sangphil Cho,Korea,Male,M45-49,64,13:48:14,341,1:56:58,539,6:01:18,185,5:31:50,377,Finisher
147,민규 김,Korea,Male,M30-34,19,13:48:22,342,1:35:05,355,7:11:49,473,4:43:57,220,Finisher
682,Kei Wung Lee,Korea,Male,M60-64,15,13:48:56,343,1:37:40,397,5:56:07,163,5:59:51,443,Finisher
48,Billedo Mendelf,Philippines,Male,M40-44,60,13:50:31,344,1:43:56,453,6:39:16,358,5:08:15,313,Finisher
104,Ilfat Khairullin,Unknown,Male,M25-29,8,13:51:16,345,1:53:49,522,6:50:42,409,4:54:04,260,Finisher
139,Jongjoon Kim,Korea,Male,M30-34,20,13:51:21,346,1:26:29,199,6:45:25,386,5:00:47,290,Finisher
347,도현 장,Korea,Male,M40-44,61,13:53:27,347,1:27:39,222,6:41:59,370,5:11:02,321,Finisher
189,Yongrae Cho,Korea,Male,M35-39,50,13:53:31,348,1:32:10,305,5:47:34,141,6:18:20,479,Finisher
166,Hyojoo Jang,Korea,Female,F30-34,7,13:53:32,349,1:39:40,421,7:09:04,468,4:51:17,245,Finisher
301,Roman Logov,Unknown,Male,M40-44,62,13:53:56,350,1:25:25,187,6:58:23,432,5:10:36,318,Finisher
184,아영 이,Korea,Female,F30-34,8,13:54:31,351,1:52:07,513,6:58:20,431,4:41:48,211,Finisher
348,충훈 전,Korea,Male,M40-44,63,13:55:42,352,1:55:54,533,6:22:22,286,5:18:35,347,Finisher
572,Zhihong Chen,China,Female,F50-54,4,13:56:10,353,1:37:24,388,7:01:20,444,5:00:43,289,Finisher
528,Hyungbae Lee,Korea,Male,M50-54,51,13:57:22,354,1:31:18,294,6:47:24,395,5:01:58,296,Finisher
560,박 병남,Korea,Male,M50-54,52,13:57:25,355,1:40:55,432,7:05:05,454,4:51:33,247,Finisher
423,Geunchan Seo,Korea,Male,M45-49,65,13:57:59,356,1:31:50,300,6:44:02,378,5:13:20,330,Finisher
344,한얼 이,Korea,Male,M40-44,64,13:58:00,357,1:20:53,122,6:36:08,345,5:33:44,383,Finisher
708,Seokbae Jeon,Korea,Male,M65-69,5,13:58:27,358,1:42:32,444,6:13:08,242,5:46:46,420,Finisher
315,Ja Rim Shin,Korea,Male,M40-44,65,13:58:27,359,1:37:27,391,6:52:45,416,4:59:43,285,Finisher
640,경문 강,Korea,Male,M55-59,31,13:58:27,360,1:35:39,363,6:58:57,434,5:03:10,302,Finisher
140,Kim Yongmin,Korea,Male,M30-34,21,13:58:44,361,1:23:11,151,5:57:44,171,6:18:18,478,Finisher
452,현원 임,Korea,Male,M45-49,66,13:59:28,362,1:38:08,406,6:19:25,274,5:44:01,412,Finisher
587,Hiroyuki Ajioka,Japan,Male,M55-59,32,13:59:53,363,1:32:14,307,6:48:48,404,5:08:58,315,Finisher
642,태일 김,Korea,Male,M55-59,33,14:02:23,364,1:45:45,470,6:45:00,384,5:13:45,334,Finisher
545,Chung Guk Seo,Korea,Male,M50-54,53,14:03:21,365,1:26:33,200,6:10:30,234,6:01:52,449,Finisher
362,Junbum Bae,Korea,Male,M45-49,67,14:03:26,366,1:56:00,535,6:09:30,231,5:41:02,402,Finisher
707,Chang Ho Hong,Korea,Male,M65-69,6,14:03:55,367,1:27:24,215,6:59:19,437,5:18:46,348,Finisher
610,Ko Jae,Korea,Male,M55-59,34,14:03:57,368,1:53:56,526,6:40:25,361,5:02:11,297,Finisher
643,금회 문,Korea,Male,M55-59,35,14:03:58,369,1:48:09,489,6:46:59,394,5:13:31,332,Finisher
701,병정 최,Korea,Male,M60-64,16,14:05:15,370,1:25:13,181,6:50:37,408,5:32:23,380,Finisher
594,Kiyang Heo,Korea,Male,M55-59,36,14:05:36,371,1:31:16,293,6:46:44,391,5:26:33,367,Finisher
222,Mohan Pawar,India,Male,M35-39,51,14:06:04,372,1:41:30,437,6:56:16,426,5:14:15,337,Finisher
496,Byeongik Heo,Korea,Male,M50-54,54,14:06:51,373,1:28:58,241,6:59:11,435,5:20:39,353,Finisher
456,석태 최,Korea,Male,M45-49,68,14:07:29,374,1:33:00,326,7:07:35,462,5:04:51,308,Finisher
531,Sunhyo Lee,Korea,Male,M50-54,55,14:07:43,375,1:40:46,428,6:56:10,425,5:09:13,316,Finisher
274,Han Seung Hun,Korea,Male,M40-44,66,14:09:07,376,1:41:12,434,6:37:52,350,5:34:38,386,Finisher
35,Geraldine Abuan,Philippines,Female,F55-59,7,14:09:32,377,1:39:09,416,6:52:35,415,5:24:13,362,Finisher
273,Dong Hun Ha,Korea,Male,M40-44,67,14:11:05,378,1:31:29,296,6:10:50,236,6:11:12,466,Finisher
546,Wonsik Shin,Korea,Male,M50-54,56,14:11:31,379,1:29:36,257,6:59:16,436,5:29:40,374,Finisher
241,승중 양,Korea,Male,M35-39,52,14:12:03,380,1:52:55,516,6:08:57,226,5:40:25,400,Finisher
458,황 재규,Korea,Male,M45-49,69,14:12:32,381,1:37:09,386,6:49:46,406,5:27:21,368,Finisher
580,Qingwen Meng,China,Female,F50-54,5,14:14:29,382,1:46:49,481,7:15:36,484,4:49:13,240,Finisher
620,Taedong Noh,Korea,Male,M55-59,37,14:14:33,383,1:36:58,384,7:08:50,466,5:07:09,312,Finisher
368,Sungmin Cho,Korea,Male,M45-49,70,14:15:26,384,1:37:24,389,6:24:56,301,5:57:34,440,Finisher
507,Wookyeong Jeong,Korea,Male,M50-54,57,14:17:08,385,1:37:27,392,6:27:45,315,5:56:36,436,Finisher
201,Hongchul Kim,Korea,Male,M35-39,53,14:17:18,386,1:34:02,338,6:46:28,389,5:32:13,378,Finisher
286,Hyunki Kim,Korea,Male,M40-44,68,14:17:35,387,1:34:57,351,7:18:24,491,4:59:36,284,Finisher
246,경빈 임,Korea,Male,M35-39,54,14:19:58,388,1:38:37,410,6:13:35,245,6:01:15,447,Finisher
522,Ryunhee Ko,Korea,Male,M50-54,58,14:19:59,389,1:33:37,334,5:56:20,166,6:23:34,489,Finisher
656,Eun-Gyung Lee,Korea,Female,F55-59,8,14:21:22,390,1:53:11,519,7:16:05,488,4:56:40,274,Finisher
677,Eui In Kim,Korea,Male,M60-64,17,14:22:10,391,1:45:56,472,7:06:13,457,5:10:45,319,Finisher
654,Kysook Kim,Korea,Female,F55-59,9,14:22:21,392,1:45:35,468,7:06:33,459,5:16:32,341,Finisher
285,Donald Kim,Korea,Male,M40-44,69,14:22:23,393,1:39:26,419,6:28:20,318,5:58:07,442,Finisher
309,Kyungjin Oh,Korea,Male,M40-44,70,14:23:45,394,1:32:40,316,6:44:26,381,5:50:39,425,Finisher
499,Sungsoo Huh,Korea,Male,M50-54,59,14:23:51,395,1:13:43,40,6:09:09,229,6:33:58,503,Finisher
402,Jeong Cheol Lee,Korea,Male,M45-49,71,14:24:03,396,1:35:09,358,5:43:49,130,6:50:20,516,Finisher
251,Thianny Abadia,United States,Female,F35-39,8,14:24:35,397,1:36:34,378,6:35:18,341,6:02:13,450,Finisher
421,Robert Jonah Rivera,Philippines,Male,M45-49,72,14:26:40,398,1:34:07,340,6:44:08,379,5:49:13,421,Finisher
615,Sang Myeong Lee,Korea,Male,M55-59,38,14:27:15,399,1:53:01,517,6:40:34,364,5:34:09,385,Finisher
644,철경 박,Korea,Male,M55-59,39,14:29:01,400,1:33:23,329,7:05:06,455,5:32:46,381,Finisher
399,Do Hyung` Lee,Korea,Male,M45-49,73,14:29:09,401,1:35:50,367,6:48:06,400,5:49:39,422,Finisher
387,Chang Nam Kang,Korea,Male,M45-49,74,14:29:59,402,1:14:48,49,7:26:26,501,5:34:00,384,Finisher
467,Jihyeon Mun,Korea,Female,F45-49,11,14:31:20,403,1:45:32,467,6:39:09,356,5:50:57,427,Finisher
480,Younghwan Bu,Korea,Male,M50-54,60,14:31:45,404,1:38:04,404,6:44:17,380,5:42:00,406,Finisher
686,Jongnam Roh,Korea,Male,M60-64,18,14:32:50,405,1:51:24,505,7:08:00,463,5:16:52,342,Finisher
208,Haesoo Lee,Korea,Male,M35-39,55,14:33:26,406,1:40:18,426,6:42:06,371,5:56:44,437,Finisher
190,Chang-Woo Choi,Korea,Male,M35-39,56,14:33:41,407,1:30:16,273,6:24:57,302,6:15:38,472,Finisher
373,Buhyun Ham,Korea,Male,M45-49,75,14:33:52,408,1:26:34,202,6:37:19,348,6:09:34,461,Finisher
651,호경 한,Korea,Male,M55-59,40,14:35:09,409,1:44:56,461,7:06:26,458,5:20:42,354,Finisher
509,Daeho Kang,Korea,Male,M50-54,61,14:35:31,410,2:00:32,547,6:34:30,337,5:45:20,415,Finisher
384,Chanil Jung,Korea,Male,M45-49,76,14:35:46,411,1:27:06,210,6:02:51,195,6:54:18,520,Finisher
429,Chang-Ki Youn,Korea,Male,M45-49,77,14:36:19,412,1:30:29,277,6:25:51,307,6:18:37,481,Finisher
489,Hansun Choi,Korea,Male,M50-54,62,14:37:30,413,1:32:09,303,6:34:30,338,6:13:48,469,Finisher
661,영수 최,Korea,Female,F55-59,10,14:37:44,414,1:26:10,195,7:12:00,474,5:39:50,399,Finisher
510,Sungsoo Kang,Korea,Male,M50-54,63,14:37:55,415,1:17:03,73,6:17:12,265,6:51:51,517,Finisher
600,Min Cheol Jeong,Korea,Male,M55-59,41,14:38:20,416,1:35:41,365,6:41:15,367,6:00:23,445,Finisher
617,Sueok Lee,Korea,Male,M55-59,42,14:38:20,417,1:45:18,464,6:24:03,295,6:11:22,467,Finisher
673,Myong Chun Jo,Korea,Male,M60-64,19,14:38:25,418,2:02:34,551,6:55:55,422,5:20:14,351,Finisher
506,Namgwan Jeong,Korea,Male,M50-54,64,14:39:56,419,1:25:18,182,7:04:51,453,5:42:09,408,Finisher
579,Sung Hwa Kim,Korea,Female,F50-54,6,14:40:46,420,1:35:07,357,7:29:36,506,5:12:26,327,Finisher
574,Yuko Fujimoto,Japan,Female,F50-54,7,14:41:50,421,1:30:31,279,7:42:36,521,5:02:36,300,Finisher
521,Sung Jun Kim,Korea,Male,M50-54,65,14:42:22,422,1:32:50,322,7:18:02,489,5:19:49,349,Finisher
437,태규 김,Korea,Male,M45-49,78,14:43:25,423,1:15:56,60,7:03:23,448,6:03:40,454,Finisher
592,Sangsam Han,Korea,Male,M55-59,43,14:43:55,424,1:25:20,184,6:53:04,418,6:04:14,455,Finisher
625,Donggyoo Park,Korea,Male,M55-59,44,14:43:59,425,1:46:14,475,6:34:06,334,6:02:58,453,Finisher
589,Richard Bysouth,United Kingdom,Male,M55-59,45,14:44:05,426,1:36:47,379,7:07:14,460,5:38:15,393,Finisher
683,Tak Gyu Lim,Korea,Male,M60-64,20,14:45:52,427,1:32:46,319,7:01:04,441,5:45:24,416,Finisher
668,Chang Gyu Hwang,Korea,Male,M60-64,21,14:47:54,428,1:34:15,344,7:12:38,478,5:41:24,404,Finisher
649,장 영근,Korea,Male,M55-59,46,14:49:09,429,1:31:29,297,6:44:59,383,6:16:50,475,Finisher
555,성식 김,Korea,Male,M50-54,66,14:50:16,430,1:48:36,493,7:07:32,461,5:27:52,369,Finisher
616,Seung Hee Lee,Korea,Male,M55-59,47,14:50:53,431,1:52:41,514,7:22:23,495,5:11:24,323,Finisher
570,재교 최,Korea,Male,M50-54,67,14:51:04,432,1:53:57,527,7:09:06,469,5:21:03,357,Finisher
685,Youn Gi Park,Korea,Male,M60-64,22,14:52:13,433,1:38:27,409,6:45:09,385,6:10:08,463,Finisher
603,Yongduk Jung,Korea,Male,M55-59,48,14:52:20,434,1:44:54,459,7:08:44,465,5:38:13,392,Finisher
378,Sang Kyu Jang,Korea,Male,M45-49,79,14:52:27,435,1:33:27,331,7:09:00,467,5:54:07,432,Finisher
141,Young-Dae Kim,Korea,Male,M30-34,22,14:52:59,436,1:34:07,341,7:29:01,504,5:17:28,345,Finisher
700,동일 장,Korea,Male,M60-64,23,14:54:14,437,1:53:50,523,6:48:32,402,5:42:00,407,Finisher
491,Namjo Choi,Korea,Male,M50-54,68,14:55:06,438,1:31:01,287,7:18:14,490,5:50:07,424,Finisher
304,Yohan Min,Korea,Male,M40-44,71,14:55:52,439,1:37:35,394,7:33:04,509,4:55:10,265,Finisher
439,현석 김,Korea,Male,M45-49,80,14:55:55,440,1:44:54,460,7:03:47,451,5:44:47,414,Finisher
264,Eungyu Choi,Korea,Male,M40-44,72,14:57:57,441,1:55:28,530,6:40:34,365,6:06:28,459,Finisher
151,승찬 이,Korea,Male,M30-34,23,14:59:26,442,1:24:22,169,7:05:09,456,6:09:59,462,Finisher
323,Seungyeon Yeom,Korea,Male,M40-44,73,15:00:07,443,2:02:37,552,6:51:05,411,5:38:15,394,Finisher
655,Kyung Sook Kim,Korea,Female,F55-59,11,15:00:28,444,1:42:05,441,7:33:59,511,5:29:01,373,Finisher
503,Dong Oh Jang,Korea,Male,M50-54,69,15:00:41,445,1:29:19,251,7:33:47,510,5:28:19,371,Finisher
687,Taek Sang Ryu,Korea,Male,M60-64,24,15:02:16,446,1:43:33,451,6:46:36,390,6:04:37,456,Finisher
648,준호 이,Korea,Male,M55-59,49,15:03:41,447,1:56:43,538,7:02:36,446,5:36:57,390,Finisher
653,Misook Chae,Korea,Female,F55-59,12,15:03:46,448,1:34:48,350,7:40:15,517,5:25:44,364,Finisher
227,Will Zhu,United States,Male,M35-39,57,15:03:57,449,1:46:54,482,7:30:37,508,5:27:58,370,Finisher
547,Min Ho Yeom,Korea,Male,M50-54,70,15:05:53,450,1:28:04,227,7:12:34,477,6:01:44,448,Finisher
242,상규 이,Korea,Male,M35-39,58,15:06:26,451,1:28:58,240,7:41:42,519,5:26:10,365,Finisher
637,Dongjae Yoo,Korea,Male,M55-59,50,15:07:39,452,2:06:00,558,6:40:29,362,5:52:39,431,Finisher
537,Honghoon Park,Korea,Male,M50-54,71,15:11:26,453,1:48:06,488,6:16:27,259,6:47:34,514,Finisher
590,Kwangseob Eom,Korea,Male,M55-59,51,15:12:47,454,2:04:15,554,7:14:10,481,5:29:44,375,Finisher
650,진홍 최,Korea,Male,M55-59,52,15:12:48,455,1:37:39,396,6:58:30,433,6:16:24,473,Finisher
427,Jeongho Yoo,Korea,Male,M45-49,81,15:12:49,456,1:39:52,423,6:28:00,317,6:45:17,513,Finisher
623,Jung-Hyun Paik,Korea,Male,M55-59,53,15:12:54,457,1:53:14,520,7:08:36,464,5:46:11,418,Finisher
647,연우 이,Korea,Male,M55-59,54,15:14:16,458,1:37:55,400,7:11:00,472,5:57:35,441,Finisher
583,Myung Jin Yoon,Korea,Female,F50-54,8,15:16:43,459,1:50:09,496,7:15:54,486,5:52:28,429,Finisher
404,Sy Chieh Lee,Singapore,Male,M45-49,82,15:17:58,460,1:33:32,332,7:04:39,452,6:19:10,483,Finisher
608,Taehoon Kim,Korea,Male,M55-59,55,15:18:38,461,1:59:37,545,6:52:10,414,6:10:26,464,Finisher
573,Jung Hwa Cho,Korea,Female,F50-54,9,15:18:53,462,1:38:50,412,7:37:11,514,5:44:37,413,Finisher
484,Hoseok Chae,Korea,Male,M50-54,72,15:20:53,463,1:28:34,232,7:29:28,505,5:43:49,411,Finisher
37,Sangin Nam,Korea,Male,M65-69,7,15:23:11,464,1:31:10,291,6:55:57,423,6:35:04,505,Finisher
295,Hwa Young Lee,Korea,Male,M40-44,74,15:24:22,465,1:49:24,494,7:24:11,497,5:57:13,438,Finisher
694,달곤 김,Korea,Male,M60-64,25,15:26:11,466,1:36:11,373,7:22:41,496,6:02:55,451,Finisher
110,다성 송,Korea,Male,M25-29,9,15:28:29,467,1:27:42,224,7:43:42,524,5:41:10,403,Finisher
349,보문 정,Korea,Male,M40-44,75,15:29:09,468,1:33:38,335,7:40:42,518,5:54:55,433,Finisher
239,범구 심,Korea,Male,M35-39,59,15:30:57,469,1:48:31,492,6:52:59,417,6:27:08,493,Finisher
213,Jia Li,China,Male,M35-39,60,15:32:34,470,1:32:31,314,7:48:20,527,5:57:15,439,Finisher
692,Sung Moon Yang,Korea,Male,M60-64,26,15:36:17,471,1:36:34,377,7:20:03,492,6:23:33,488,Finisher
276,Thai Tri Hung,Vietnam,Male,M40-44,76,15:36:29,472,1:47:36,485,6:55:47,421,6:31:12,496,Finisher
482,Moosung Byun,Korea,Male,M50-54,73,15:36:59,473,1:42:40,446,7:12:05,475,6:19:09,482,Finisher
224,Kiran Sahu,India,Male,M35-39,61,15:38:18,474,1:25:41,190,7:58:21,531,5:43:41,410,Finisher
441,기영 박,Korea,Male,M45-49,83,15:38:41,475,1:35:25,360,7:15:26,483,6:23:24,487,Finisher
671,Chul Hoi Jeong,Korea,Male,M60-64,27,15:39:16,476,1:50:26,499,6:45:27,387,6:39:47,508,Finisher
638,Danilo Zapanta,Philippines,Male,M55-59,56,15:40:13,477,1:51:45,508,6:57:13,428,6:24:05,490,Finisher
129,Akshay Awati,India,Male,M30-34,24,15:41:01,478,1:41:56,440,6:46:45,392,6:49:56,515,Finisher
483,Joonho Cha,Korea,Male,M50-54,74,15:44:49,479,1:46:28,477,6:57:44,430,6:39:51,509,Finisher
641,보은 김,Korea,Male,M55-59,57,15:44:51,480,1:44:27,456,6:43:01,374,6:53:39,519,Finisher
324,Jong Bin Yoon,Korea,Male,M40-44,77,15:47:05,481,1:32:46,318,7:27:40,503,6:18:31,480,Finisher
690,Tae Seung Song,Korea,Male,M60-64,28,15:48:21,482,1:57:04,540,7:15:37,485,6:19:55,484,Finisher
471,Yang Ngee Yeo,Singapore,Female,F45-49,12,15:48:58,483,2:06:03,559,6:48:00,398,6:33:53,502,Finisher
586,지영 황,Korea,Female,F50-54,10,15:49:02,484,1:51:52,511,6:56:05,424,6:39:51,510,Finisher
191,Jaegong Choi,Korea,Male,M35-39,62,15:51:38,485,1:43:56,452,6:10:44,235,7:40:26,528,Finisher
495,Kyounghoon Han,Korea,Male,M50-54,75,15:53:13,486,1:28:34,233,6:54:32,419,7:08:20,523,Finisher
127,Jeonghyeon Kim,Korea,Female,F25-29,3,15:54:40,487,1:35:36,361,7:26:54,502,6:34:35,504,Finisher
342,주민 이,Korea,Male,M40-44,78,15:57:34,488,1:53:54,525,7:13:12,480,6:25:49,491,Finisher
508,Jung Daehwa,Korea,Male,M50-54,76,16:00:22,489,2:14:47,564,7:21:41,494,6:02:55,452,Finisher
563,경무 백,Korea,Male,M50-54,77,16:00:58,490,1:32:50,321,7:26:07,500,6:33:01,499,Finisher
232,정윤 김,Korea,Male,M35-39,63,16:01:46,491,2:09:16,562,7:39:21,516,5:50:05,423,Finisher
199,Do-Joon Kim,Korea,Male,M35-39,64,16:08:07,492,2:03:08,553,7:20:29,493,6:20:28,485,Finisher
699,근배 유,Korea,Male,M60-64,29,16:10:59,493,1:48:05,487,7:34:38,512,6:30:54,494,Finisher
715,So Jeong Lee,Korea,Female,F65-69,1,16:11:20,494,1:42:08,442,8:18:13,549,5:52:32,430,Finisher
556,우석 김,Korea,Male,M50-54,78,16:12:09,495,1:47:29,484,7:25:19,499,6:31:38,497,Finisher
554,문석 김,Korea,Male,M50-54,79,16:12:59,496,1:33:26,330,8:02:13,538,6:14:51,471,Finisher
714,중돈 최,Korea,Male,M65-69,8,16:13:03,497,2:04:50,555,7:25:17,498,6:18:11,477,Finisher
408,Archibald Navarro Majam,Philippines,Male,M45-49,84,16:13:39,498,1:35:47,366,7:42:41,522,6:38:10,507,Finisher
376,Binwen Huang,Singapore,Male,M45-49,85,16:13:49,499,1:59:11,544,7:12:24,476,6:43:35,511,Finisher
71,Jinho Cho,Korea,Male,M18-24,6,16:14:33,500,1:29:10,246,6:57:05,427,7:27:59,527,Finisher
717,Satoshi Ishihara,Japan,Male,M70-74,1,16:20:11,501,1:36:22,375,7:50:50,529,6:32:12,498,Finisher
320,Manuel Henry Ii Villacruz,Philippines,Male,M40-44,79,16:21:05,502,1:40:13,425,7:48:26,528,6:31:09,495,Finisher
433,정훈 곽,Korea,Male,M45-49,86,16:21:18,503,1:56:22,537,8:12:20,545,5:51:41,428,Finisher
462,Byungju Kim,Korea,Female,F45-49,13,16:21:32,504,1:48:10,490,8:03:19,540,6:08:22,460,Finisher
493,Ivan I. Fojas,Philippines,Male,M50-54,80,16:22:00,505,1:29:07,243,8:00:55,535,6:22:56,486,Finisher
271,Monch Gonzales,Philippines,Male,M40-44,80,16:24:52,506,1:38:02,403,6:20:36,283,8:06:08,530,Finisher
582,So Young Park,Korea,Female,F50-54,11,16:26:06,507,1:24:26,171,7:16:04,487,7:22:49,526,Finisher
614,Sangho Lee,Korea,Male,M55-59,58,16:26:22,508,1:42:39,445,7:14:16,482,7:10:41,524,Finisher
702,Misuk Cho,Korea,Female,F60-64,3,16:26:58,509,1:50:18,497,8:01:48,537,6:17:38,476,Finisher
476,이 은희,Korea,Female,F45-49,14,16:29:41,510,1:51:08,502,8:12:40,546,6:05:11,457,Finisher
540,Kwangyoul Park,Korea,Male,M50-54,81,16:31:22,511,1:27:06,209,8:03:32,541,6:44:09,512,Finisher
578,Mira Kim,Korea,Female,F50-54,12,16:34:37,512,2:07:08,561,7:51:22,530,6:14:48,470,Finisher
597,Geonwoo Jeong,Korea,Male,M55-59,59,16:38:24,513,1:55:39,531,7:42:06,520,6:33:04,500,Finisher
602,Phil Sang Jung,Korea,Male,M55-59,60,16:45:50,514,1:39:34,420,8:13:15,547,6:37:43,506,Finisher
675,Bong Hyeon Kim,Korea,Male,M60-64,30,16:48:20,515,1:58:21,543,8:00:09,533,6:27:02,492,Finisher
504,Pyongjun Jeon,Korea,Male,M50-54,82,16:50:25,516,2:09:55,563,8:05:56,542,6:13:03,468,Finisher
454,일영 정,Korea,Male,M45-49,87,16:59:06,517,1:27:23,214,7:38:10,515,7:20:32,525,Finisher
552,대현 김,Korea,Male,M50-54,83,17:01:16,518,1:21:01,124,8:10:47,544,7:07:45,522,Finisher
148,성태 김,Korea,Male,M30-34,25,17:03:09,519,1:56:08,536,8:03:06,539,6:33:12,501,Finisher
424,Kwangwoo Son,Korea,Male,M45-49,88,17:07:14,520,1:25:37,189,7:29:57,507,7:49:27,529,Finisher
282,Sang Woo Joo,Korea,Male,M40-44,81,17:08:11,521,1:47:37,486,8:06:42,543,6:58:35,521,Finisher
138,Jin-Ha Kim,Korea,Male,M30-34,,,,1:52:03,512,8:28:43,551,6:10:27,465,NC
697,홍근 김,Korea,Male,M60-64,,,,2:01:51,549,8:16:59,548,6:16:47,474,NC
205,Iurii Kuznetsov,Unknown,Male,M35-39,,,,,,,,,,DQ
27,Han Kwon Yoo,Korea,Male,M45-49,,,,,,,,,,DQ
283,Sokwon Kang,Korea,Male,M40-44,,,,,,,,,,DQ
44,Wonseok Choi,Korea,Male,M40-44,,,,,,,,,,DQ
234,유현 노,Korea,Male,M35-39,,,,,,,,,,DQ
464,Hyekyung Kim,Korea,Female,F45-49,,,,,,,,,,DQ
401,Jaehoon Lee,Korea,Male,M45-49,,,,,,,,,,DQ
145,Suhyeok Yim,Korea,Male,M30-34,,,,,,,,,,DQ
716,Zhen Li,China,Female,F65-69,,,,,,,,,,DQ
445,철 박,Korea,Male,M45-49,,,,,,,,,,DQ
143,Sergey Pavlov,Unknown,Male,M30-34,,,,,,,,,,DQ
490,Hee Soo Choi,Korea,Male,M50-54,,,,,,,,,,DQ
119,Sar Porta Lopez,Spain,Female,F25-29,,,,,,,,,,DNS
97,Laura Ung,France,Female,F18-24,,,,,,,,,,DNS
132,Abram James Garcia,Philippines,Male,M30-34,,,,,,,,,,DNS
180,Stephanie Stephanie,Indonesia,Female,F30-34,,,,,,,,,,DNS
120,Martirosyan Milena,Armenia,Female,F25-29,,,,,,,,,,DNS
77,Joshua Shin,United States,Male,M18-24,,,,,,,,,,DNS
352,Gyongyi Jakab,Korea,Female,F40-44,,,,,,,,,,DNS
512,Choong Hon Kim,Korea,Male,M50-54,,,,,,,,,,DNS
85,Camille Baup,France,Female,F18-24,,,,,,,,,,DNS
662,Akari Akari,Japan,Male,M60-64,,,,,,,,,,DNS
84,Francesca Amara,United States,Female,F18-24,,,,,,,,,,DNS
92,Keyna Mouboungoulou,France,Female,F18-24,,,,,,,,,,DNS
81,Tom Tetier,France,Male,M18-24,,,,,,,,,,DNS
258,Carole Shim,Canada,Female,F35-39,,,,,,,,,,DNS
176,Saehae Moon,Canada,Female,F30-34,,,,,,,,,,DNS
350,동환 홍,Korea,Male,M40-44,,,,,,,,,,DNS
695,성균 김,Korea,Male,M60-64,,,,,,,,,,DNS
112,Jodi Awtrey,United States,Female,F25-29,,,,,,,,,,DNS
206,Harold Ray Larson,United States,Male,M35-39,,,,,,,,,,DNS
406,Sam Lu,United States,Male,M45-49,,,,,,,,,,DNS
279,Hyun Seok Jang,Korea,Male,M40-44,,,,,,,,,,DNS
113,Angele Behlouli,France,Female,F25-29,,,,,,,,,,DNS
636,Cheolwoon Woo,Korea,Male,M55-59,,,,,,,,,,DNS
665,Kang Dongsok,Korea,Male,M60-64,,,,,,,,,,DNS
125,Genesia Synclaire,Indonesia,Female,F25-29,,,,,,,,,,DNS
83,Valeria Margiotta Aguilera,France,Female,F18-24,,,,,,,,,,DNS
96,Jessica Ung,France,Female,F18-24,,,,,,,,,,DNS
101,Max Beauvais,France,Male,M25-29,,,,,,,,,,DNS
192,Seung Ho Choi,Korea,Male,M35-39,,,,,,,,,,DNS
645,신 동선,Korea,Male,M55-59,,,,,,,,,,DNS
79,Elliott Smith,United States,Male,M18-24,,,,,,,,,,DNS
162,Nathalia Veronica Santos Alfaro,El Salvador,Female,F30-34,,,,,,,,,,DNS
613,Junghwan Lee,Korea,Male,M55-59,,,,,,,,,,DNS
691,Soung Gen Woung,Korea,Male,M60-64,,,,,,,,,,DNS
449,덕룡 윤,Korea,Male,M45-49,,,,,,,,,,DNS
89,Melissa Jenkins,United States,Female,F18-24,,,,,,,,,,DNS
356,Oh Young Yun,Canada,Female,F40-44,,,,,,,,,,DNS
252,Bita Akbar,Canada,Female,F35-39,,,,,,,,,,DNS
469,Eun-Hye Seok,Canada,Female,F45-49,,,,,,,,,,DNS
158,유석 정,Korea,Male,M30-34,,,,,,,,,,DNS
115,Mireille Kieu,France,Female,F25-29,,,,,,,,,,DNS
150,석환 윤,Korea,Male,M30-34,,,,,,,,,,DNS
182,Syari Wulaningsih,Indonesia,Female,F30-34,,,,,,,,,,DNS
310,Dongcheon Park,Korea,Male,M40-44,,,,,,,,,,DNS
353,Kin Teaeui Junga,Korea,Female,F40-44,,,,,,,,,,DNS
431,Gyeongsu Yun,Korea,Male,M45-49,,,,,,,,,,DNS
164,Lyubanova Ekaterina,Unknown,Female,F30-34,,,,,,,,,,DNS
678,Seung Yong Kim,Korea,Male,M60-64,,,,,,,,,,DNS
479,Ferdinand Bautista,Philippines,Male,M50-54,,,,,,,,,,DNS
165,Dannica Tamara Malina Fernandez,Chile,Female,F30-34,,,,,,,,,,DNS
230,泽浩 张,China,Male,M35-39,,,,,,,,,,DNS
26,Byung Soo Koo,Korea,Male,M45-49,,,,,,,,,,DNS
443,성후 박,Korea,Male,M45-49,,,,,,,,,,DNS
713,성도 이,Korea,Male,M65-69,,,,,,,,,,DNS
346,병기 임,Korea,Male,M40-44,,,,,,,,,,DNS
94,Sophie Sayavong,France,Female,F18-24,,,,,,,,,,DNS
100,Quentin Bart,France,Male,M25-29,,,,,,,,,,DNS
485,Sunghoon Chang,Korea,Male,M50-54,,,,,,,,,,DNS
175,Lim Mariya,Kazakhstan,Female,F30-34,,,,,,,,,,DNS
108,Farhan Yakoubi,France,Male,M25-29,,,,,,,,,,DNS
351,Beaugeard Elisa,Armenia,Female,F40-44,,,,,,,,,,DNS
706,Michael Farnham,United States,Male,M65-69,,,,,,,,,,DNS
131,John Nicole Francisco,Philippines,Male,M30-34,,,,,,,,,,DNS
538,Hyoseok Park,Korea,Male,M50-54,,,,,,,,,,DNS
172,Nelia Kuzakbirdieva,Unknown,Female,F30-34,,,,,,,,,,DNS
595,Kyuhyun Hwang,Korea,Male,M55-59,,,,,,,,,,DNS
422,Dongcheol Ryu,Korea,Male,M45-49,,,,,,,,,,DNS
123,Camille Salese,France,Female,F25-29,,,,,,,,,,DNS
170,Darya Kim,Kazakhstan,Female,F30-34,,,,,,,,,,DNS
174,Jessica Tavares Machado,Brazil,Female,F30-34,,,,,,,,,,DNS
82,Participant A,China,Female,F18-24,,,,,,,,,,DNS
185,Dexter Ansaldo,Philippines,Male,M35-39,,,,,,,,,,DNS
379,Sungdo Jang,Korea,Male,M45-49,,,,,,,,,,DNS
144,Shaikh Mohammad Tauquir,India,Male,M30-34,,,,,,,,,,DNS
163,Ya Wen Chang,Taiwan,Female,F30-34,,,,,,,,,,DNS
307,Youngki Noh,Korea,Male,M40-44,,,,,,,,,,DNS
95,Lydia Skanderi,France,Female,F18-24,,,,,,,,,,DNS
91,Joelle Kieu,France,Female,F18-24,,,,,,,,,,DNS
111,Chepaikina Aleksandra,Unknown,Female,F25-29,,,,,,,,,,DNS
87,Manon Govin,France,Female,F18-24,,,,,,,,,,DNS
122,Siddiqua Namrah,Pakistan,Female,F25-29,,,,,,,,,,DNS
99,Maurice Au,France,Male,M25-29,,,,,,,,,,DNS
533,Dipak Mali,India,Male,M50-54,,,,,,,,,,DNS
121,Megala Moorthy,India,Female,F25-29,,,,,,,,,,DNS
63,Naoko Yoneyama,Japan,Female,F50-54,,,,,,,,,,DNS
124,Emily Saunders,United Kingdom,Female,F25-29,,,,,,,,,,DNS
183,Nikita Yadav,India,Female,F30-34,,,,,,,,,,DNS
181,Nath Sudarshini,India,Female,F30-34,,,,,,,,,,DNS
72,Jaemo Gu,Korea,Male,M18-24,,,,,,,,,,DNS
513,Daihyun Kim,Korea,Male,M50-54,,,,,,,,,,DNS
520,Junsu Kim,Korea,Male,M50-54,,,,,,,,,,DNS
383,Choungkuk Jin,Korea,Male,M45-49,,,,,,,,,,DNS
179,Olavario Richelle,Korea,Female,F30-34,,,,,,,,,,DNS
215,James Maines,United States,Male,M35-39,,,,,,,,,,DNS
73,Matthieu Hui Bo Hoa,France,Male,M18-24,,,,,,,,,,DNS
86,Ellie Choi,United States,Female,F18-24,,,,,,,,,,DNS
254,Yuan Yu Hsuan,Taiwan,Female,F35-39,,,,,,,,,,DNS
388,Kim Eunsik,Korea,Male,M45-49,,,,,,,,,,DNS
629,Jordan Seo,Korea,Male,M55-59,,,,,,,,,,DNS
93,Anna Porta,Spain,Female,F18-24,,,,,,,,,,DNS
430,Bok Dong Yun,Korea,Male,M45-49,,,,,,,,,,DNS
412,Ohara Ohara,Japan,Male,M45-49,,,,,,,,,,DNS
167,Salma Mohammad Kamal Hassan,Egypt,Female,F30-34,,,,,,,,,,DNS
262,Heejoon Byun,Canada,Male,M40-44,,,,,,,,,,DNS
161,Demier Alexandra,United States,Female,F30-34,,,,,,,,,,DNS
418,Sang Choon Park,Korea,Male,M45-49,,,,,,,,,,DNS
319,Brandon Southworth,United States,Male,M40-44,,,,,,,,,,DNS
370,Yonghoon Choi,Korea,Male,M45-49,,,,,,,,,,DNS
316,Jong Wook Son,Korea,Male,M40-44,,,,,,,,,,DNS
117,Nadezhda Kim,Unknown,Female,F25-29,,,,,,,,,,DNS
171,Kobeleva Ksenia,Unknown,Female,F30-34,,,,,,,,,,DNS
114,Naseer Hira,Pakistan,Female,F25-29,,,,,,,,,,DNS
118,Kavya Kumar,Korea,Female,F25-29,,,,,,,,,,DNS
658,Sergi Porta,Spain,Female,F55-59,,,,,,,,,,DNS
218,Changyong Park,Canada,Male,M35-39,,,,,,,,,,DNS
90,Mariem Kallel,Tunisia,Female,F18-24,,,,,,,,,,DNS
5,Joo Hyun Lee,Korea,Female,F40-44,,,,,,,,,,DNS
321,Jiafu Wei,China,Male,M40-44,,,,,,,,,,DNS
88,Laura Hayrapetyan,Armenia,Female,F18-24,,,,,,,,,,DNS
223,Rossman Pineda,Philippines,Male,M35-39,,,,,,,,,,DNS
98,Awais Ashraf,Pakistan,Male,M25-29,,,,,,,,,,DNS
593,Anthony Head,Australia,Male,M55-59,,,,,,,,,,DNS
168,Shashini Karunasena,Sri Lanka,Female,F30-34,,,,,,,,,,DNS
331,동현 김,Korea,Male,M40-44,,,,,,,,,,DNS
322,Bui Do Nguyen Wowart.Vn,Vietnam,Male,M40-44,,,,,,,,,,DNS
177,Nelly Obrecht,France,Female,F30-34,,,,,,,,,,DNS
473,Rubis Yulia,Unknown,Female,F45-49,,,,,,,,,,DNS
627,Sergio Porta,Spain,Male,M55-59,,,,,,,,,,DNS
20,Artem Mosalev,Uzbekistan,Male,M35-39,,,,1:06:08,16,4:57:34,16,,,DNF
9,Junghyun Cho,Korea,Male,M60-64,,,,1:23:28,153,5:14:42,50,,,DNF
557,원중 김,Korea,Male,M50-54,,,,2:18:45,565,7:36:15,513,,,DNF
40,Eunbyul Koh,Korea,Female,F30-34,,,,1:40:35,427,7:00:28,440,2:44:12,2,DNF
646,병기 오,Korea,Male,M55-59,,,,1:40:51,430,6:17:53,268,,,DNF
336,천학 박,Korea,Male,M40-44,,,,1:57:20,541,,,,,DNF
289,Tae Hyoung Kim,Korea,Male,M40-44,,,,1:22:44,144,5:04:30,22,,,DNF
478,Samsul Bahari Adnan,Malaysia,Male,M50-54,,,,1:20:27,120,,,,,DNF
369,Eun Hyeok Choi,Korea,Male,M45-49,,,,1:36:57,383,,,,,DNF
553,동길 김,Korea,Male,M50-54,,,,1:27:41,223,8:00:42,534,3:54:53,55,DNF
207,Gi Yeop Lee,Korea,Male,M35-39,,,,1:17:11,77,6:15:58,256,,,DNF
50,Younghwan Oh,Korea,Male,M40-44,,,,1:02:07,7,4:48:58,9,,,DNF
609,Woo Sik Kim,Korea,Male,M55-59,,,,1:35:40,364,7:02:45,447,,,DNF
529,Ju Suck Lee,Korea,Male,M50-54,,,,1:24:13,167,6:06:48,218,,,DNF
689,Jong Won Shon,United States,Male,M60-64,,,,1:56:00,534,7:59:06,532,5:56:20,435,DNF
596,Jang Jongcheul,Korea,Male,M55-59,,,,1:31:53,301,7:46:10,526,,,DNF
308,Omar Ochoa,United States,Male,M40-44,,,,,,,,,,DNF
584,Mijin Yun,Korea,Female,F50-54,,,,1:36:08,372,,,,,DNF
294,Chi Oh Lee,Korea,Male,M40-44,,,,1:46:18,476,,,,,DNF
575,Hyang Su Heo,Korea,Female,F50-54,,,,1:45:47,471,,,,,DNF
146,강훈 김,Korea,Male,M30-34,,,,1:39:23,418,8:37:04,553,,,DNF
711,기욱 손,Korea,Male,M65-69,,,,1:37:37,395,8:31:14,552,,,DNF
631,Hyungcheol Shin,Korea,Male,M55-59,,,,,,,,,,DNF
670,Sangsu Jang,Korea,Male,M60-64,,,,1:46:04,474,8:01:43,536,1:03:34,1,DNF
498,Sung Min Heo,Korea,Male,M50-54,,,,1:36:01,370,6:43:37,377,3:26:44,12,DNF
49,Myeung Jin Oh,Korea,Male,M40-44,,,,1:15:39,56,5:02:11,18,,,DNF
318,Sung Wook Song,Korea,Male,M40-44,,,,1:45:38,469,5:56:37,169,,,DNF
672,Woon Jae Jeong,Korea,Male,M60-64,,,,2:01:34,548,,,,,DNF
709,Dongin Park,Korea,Male,M65-69,,,,2:27:16,567,6:38:42,352,,,DNF
434,기홍 김,Korea,Male,M45-49,,,,1:32:23,312,3:31:00,1,,,DNF
409,Kyung Hyun Moon,Korea,Male,M45-49,,,,1:35:02,354,7:02:05,445,4:31:50,163,DNF
719,원요 박,Korea,Male,M75-79,,,,2:00:07,546,,,,,DNF
385,Jin-Bong Jung,Korea,Male,M45-49,,,,1:52:48,515,6:27:50,316,,,DNF
581,Hyunsun Park,Korea,Female,F50-54,,,,,,,,,,DNF
209,Kyunghan Lee,Korea,Male,M35-39,,,,1:16:36,67,,,,,DNF
514,Deayoung Kim,Korea,Male,M50-54,,,,1:23:43,160,,,,,DNF
135,Wonjung Kang,Korea,Male,M30-34,,,,,,,,,,DNF
47,민국(MinKuk) 이(Lee),Korea,Male,M40-44,,,,1:29:12,249,6:19:35,277,,,DNF
447,동수 신,Korea,Male,M45-49,,,,,,,,,,DNF
567,석기 이,Korea,Male,M50-54,,,,1:53:29,521,,,,,DNF
30,Youngju Lee,Korea,Female,F45-49,,,,,,,,,,DNF
226,Raymond Uy,Philippines,Male,M35-39,,,,1:43:28,450,6:25:18,305,4:53:49,258,DNF
468,Sunjung Oh,Korea,Female,F45-49,,,,1:07:01,20,,,,,DNF
576,Jung Sook Kim,Korea,Female,F50-54,,,,1:32:56,323,7:42:47,523,,,DNF
561,용호 박,Korea,Male,M50-54,,,,,,,,,,DNF
667,Myung Sik Hong,Korea,Male,M60-64,,,,1:17:11,78,5:56:08,164,,,DNF
386,Chang Junho,Korea,Male,M45-49,,,,2:04:57,556,6:47:30,396,,,DNF
339,동수 서,Korea,Male,M40-44,,,,2:24:23,566,,,,,DNF
718,병두 김,Korea,Male,M75-79,,,,1:44:09,454,8:19:52,550,,,DNF
305,In Sik Nam,Korea,Male,M40-44,,,,,,,,,,DNF
57,Sungpil Kim,Korea,Male,M45-49,,,,1:26:34,203,,,,,DNF
133,Jaeyeong Gwon,Korea,Male,M30-34,,,,2:02:09,550,7:12:49,479,,,DNF